Fechas,Horario,Lugar,Tiempo Observación (minutos),Individuals,AC,AUC,JU,DB,CA,CB,DO,RE,PA,FO,SA,SP,AI,AMC,AG
27-Jul,mañana,evergreen,10,11,0,0,1,1,1,2,0,0,0,3,0,0,2,0,0
03-ago,mañana,evergreen,5,7,0,0,0,0,2,1,0,0,0,2,0,0,1,0,0
26-ago,tarde,sendero jaguar,5,8,0,1,0,2,2,0,0,0,0,3,0,0,3,1,0
12-Sep,mañana,sendero jaguar,20,2,0,2,0,7,10,0,0,0,0,9,0,0,0,0,0
13-Sep,mañana,sendero jaguar,20,6,3,2,1,4,7,0,0,2,0,2,0,0,2,0,0
17-Sep,mañana,sendero jaguar,31,2,0,4,0,4,24,0,0,0,0,17,0,0,1,0,0
20-Sep,tarde,evergreen,40,9,3,3,0,2,19,12,0,6,4,14,2,0,1,2,0
21-Sep,mañana,sendero jaguar,20,11,3,6,0,6,15,0,0,6,7,4,0,0,1,0,0
22-Sep,tarde,evergreen,10,4,0,1,0,1,4,6,0,0,0,0,3,0,2,0,0
23-Sep,mañana,sendero jaguar,25,1,0,0,1,13,26,0,0,0,5,8,0,0,1,0,0
27-Sep,tarde,evergreen,26,1,2,8,0,6,14,9,0,2,11,12,0,0,0,0,0
29-Sep,tarde,evergreen,20,4,0,2,0,5,19,0,0,3,7,4,3,0,1,0,0
30-Sep,mañana,sendero jaguar,9,4,0,1,0,5,7,0,0,1,3,2,0,0,0,0,0
06-Oct,tarde,evergreen,20,5,0,1,1,7,2,11,0,0,1,1,5,0,2,3,0
